iid,clone_from
68108d66bb7a9c835e0d17b6,67f5d22c02d7a39cd5026aab
68108d9060c226878602a0f1,67f4f85d169849a37d09e461
68108db9bb7a9c835e0d17bd,67f4db29e366bb8d710b9f76
68182ff4b6e1cf33730a706b,67f5dd86919710493a084591
68182ff4b6e1cf33730a706c,67f5d78347f6a738e7022687
68182ff4b6e1cf33730a706d,67f5ea2bc4d5cb7c90033d5d
68182ff4b6e1cf33730a706e,67f5e43f5625bedc7d02c89c
68182ff4b6e1cf33730a706f,67f4fa96fa4251a23607a2d2
68182ff4b6e1cf33730a7070,67f5d5ac0d1ed076e00bce7c
68182ff4b6e1cf33730a7071,67f618042885ef05ec09f6ef
68182ff4b6e1cf33730a7072,67f61cf9a63254418307c1b0
68182ff4b6e1cf33730a7073,67f61f5c12b76bbe3a07f186
68182ff5b6e1cf33730a7074,67f61fb788cbfa1432066c77
68182ff5b6e1cf33730a7075,67f4f90b0d7ae0b5010bf7ac
68182ff5b6e1cf33730a7076,67f61736bf81c2d90000627d
68182ff5b6e1cf33730a7078,67f4f7f9ab96cf88110a7ddc
68182ff5b6e1cf33730a7079,67f5f00760d98643ef04ecff
68182ff5b6e1cf33730a707b,67f4d3e932c55bfa5c0b93a9
68182ff5b6e1cf33730a707c,67f4d1d17b431bbc03029eb7
68182ff5b6e1cf33730a707d,67f4cecfe13b9e1e8b02cfe7
68182ff5b6e1cf33730a707e,67f4e8aad59a57956209b8b5
68182ff5b6e1cf33730a707f,67f4e2a0848eecaa9804964c
68182ff5b6e1cf33730a7080,67f4e3492be8fa729d08f674
68182ff5b6e1cf33730a7081,67f4defb4a0056473d0c7a87
68182ff5b6e1cf33730a7082,67f4da834bb0df879f0d7a96
68182ff5b6e1cf33730a7083,67f4dc7d706d184815063590
68182ff5b6e1cf33730a7084,67f4c9e1171f051253093e77
68182ff5b6e1cf33730a7085,67f4dad8e366bb8d710b9f67
68182ff5b6e1cf33730a7086,67f4d80591b4a6300f05c746
68182ff5b6e1cf33730a7089,67f49ef1e6e577725b031fb6
68182ff5b6e1cf33730a708a,67f4a090ef68aabbcf0f8909
68182ff5b6e1cf33730a708b,67f4de0aac67b87b690cb4e4
68182ff5b6e1cf33730a708c,67f4de0aac67b87b690cb4e5
68182ff5b6e1cf33730a708d,67f4de0aac67b87b690cb4e7
68182ff5b6e1cf33730a708e,67f5cdcd26f1f79f14040d05
68182ff5b6e1cf33730a708f,67f4f67352a81ea260076ae0
68182ff5b6e1cf33730a7090,67f4f59bdd521060e70f50ba
68182ff5b6e1cf33730a7091,67f4f3badbe9051a760a49d1
68182ff5b6e1cf33730a7092,67f4f262c1b2bffbb4031a31
68182ff5b6e1cf33730a7093,67f5d09daccb8064f005b7e7
68182ff5b6e1cf33730a7094,67f4f85d169849a37d09e461
68182ff6b6e1cf33730a7095,67f5d1b25b0eaac08e06ecd4
68182ff6b6e1cf33730a7096,67f5d22c02d7a39cd5026aab
68182ff6b6e1cf33730a7097,67f4ec1054d3ee4d04060ce5
68182ff6b6e1cf33730a709a,678f73fabb51a735dc07762c
68182ff6b6e1cf33730a709b,679064b3cd53efab3308ab92
68182ff6b6e1cf33730a709c,67ab0d875f49b44b63074ac5
68182ff6b6e1cf33730a709d,67a33a2925030fce3b0721fa
68182ff6b6e1cf33730a709e,6790681d8b1626dda40b5507
68182ff6b6e1cf33730a709f,67ab0d0bb272ccffd10a3a12
68182ff6b6e1cf33730a70a0,67a339bc99229e4a2200962a
68182ff6b6e1cf33730a70a1,6790636e07247648d8017d79
68182ff6b6e1cf33730a70a2,67ab0ec5db2d8012bd0f9683
68182ff6b6e1cf33730a70a3,678f7172fe2f2c2a10011e4a
68182ff6b6e1cf33730a70a4,6790624307247648d8017d59
68182ff6b6e1cf33730a70a5,67ab057d98bf3e1b8c0bd599
68182ff6b6e1cf33730a70a6,67ab0d62a4a8497c4b0233fa
68182ff6b6e1cf33730a70a7,67906078702f932839009cab
68182ff6b6e1cf33730a70a8,67aaf74446eecfce370fc334
68182ff6b6e1cf33730a70aa,67b2edfdd5774c717c09024b
68182ff6b6e1cf33730a70ab,67b2ee7c4f2693490f0de8b1
68182ff6b6e1cf33730a70ac,67b2eed74f2693490f0de8b7
68182ff6b6e1cf33730a70ad,67b6d13c74e17e04e40decae
68182ff6b6e1cf33730a70ae,67b2f0afecb6f296b2079dd5
68182ff6b6e1cf33730a70af,67b2f16a11ba3cc0f8092911
68182ff6b6e1cf33730a70b0,67b6d5cef3bc9beac100e817
68182ff6b6e1cf33730a70b1,67b2f2668f3c5c8b7c0e4aaa
68182ff6b6e1cf33730a70b2,67b2f3b48f3c5c8b7c0e4aae
68182ff6b6e1cf33730a70b3,67b2f45f79bd661e0604d8a8
68182ff6b6e1cf33730a70b4,67b2f50379bd661e0604d8a9
68182ff6b6e1cf33730a70b5,67b2f58779bd661e0604d8ae
68182ff6b6e1cf33730a70b8,67c7f85800dc4d41ee011446
68182ff7b6e1cf33730a70b9,67c7f783e6f9a9748302d37f
68182ff7b6e1cf33730a70ba,67c7f71dcf22913b740ab82c
68182ff7b6e1cf33730a70bb,67ba9e1d9cc98020360e3862
68182ff7b6e1cf33730a70bc,67ba9d696377264082098cc2
68182ff7b6e1cf33730a70bd,67ca61ba660ee86a760ade11
68182ff7b6e1cf33730a70be,67ca6080130bb758a10eb456
68182ff7b6e1cf33730a70bf,67ca5fa93c1afa87b10b6042
68182ff7b6e1cf33730a70c0,67ba9a31eef8b156e100c742
68182ff7b6e1cf33730a70c1,67c7f59bbcf294ad8d0a5dc6
68182ff7b6e1cf33730a70c2,67ca55e7dafa48d79605bdf5
68182ff7b6e1cf33730a70c3,67ba974febe0ac7dea0a5d84
68182ff7b6e1cf33730a70c4,67c7f44e4c83b55b71070e2c
68182ff7b6e1cf33730a70c5,67c7f17cdf75c925cc04d59e
68182ff7b6e1cf33730a70c6,67ba94e3430b5e95d8038103
68182ff7b6e1cf33730a70c8,67cfb43b5c58222c81049692
68182ff7b6e1cf33730a70c9,67cfb1a11ce60af9640d557e
68182ff7b6e1cf33730a70ca,67cfae751ce60af9640d5547
68182ff7b6e1cf33730a70cb,67cfadfea6fef3868108d4f9
68182ff7b6e1cf33730a70cc,67cfad7fa6fef3868108d4f1
68182ff7b6e1cf33730a70cd,67cfaca9bb271b196d0ab735
68182ff7b6e1cf33730a70ce,67cfac20bb271b196d0ab724
68182ff7b6e1cf33730a70cf,67cfab1b66abb4171200581a
68182ff7b6e1cf33730a70d0,67cfaa21a6fef3868108d4ae
68182ff7b6e1cf33730a70d1,67cfa9a4abc90d40a9026873
68182ff7b6e1cf33730a70d2,67cfa921f17dfde6b30fa15d
68182ff7b6e1cf33730a70d3,67cfa659b1a9a013b200c9fb
68182ff7b6e1cf33730a70d6,67efb5a916cbbafc4b0daa87
68182ff7b6e1cf33730a70d7,67efb4662cfc085f580f32f4
68182ff7b6e1cf33730a70d8,67f48b3bdc2e027f71033007
68182ff7b6e1cf33730a70d9,67f48841ec2a684d5304fee2
68182ff7b6e1cf33730a70da,67f47eddde9585308109fa42
68182ff7b6e1cf33730a70db,67f47e471f79806de9026946
68182ff8b6e1cf33730a70dc,67efb0de8256525d3a017eb4
68182ff8b6e1cf33730a70dd,67f47628902d6c8af00b03b2
68182ff8b6e1cf33730a70de,67f486df5634956dc90957c4
68182ff8b6e1cf33730a70df,67efaec6922c938dbf0f1792
68182ff8b6e1cf33730a70e0,67efad105dec5f8f160c9217
68182ff8b6e1cf33730a70e1,67f3d80504ea81b7930edac3
68182ff8b6e1cf33730a70e3,67efddd92cd523b3c20abe39
68182ff8b6e1cf33730a70e4,67efdb70fc62a5897e0297ab
68182ff8b6e1cf33730a70e5,67efc5d660c2ab20400bc755
68182ff8b6e1cf33730a70e6,67f4a5ebcedb4609ef055157
68182ff8b6e1cf33730a70e7,67f4a556535e778c5a0a2ee2
68182ff8b6e1cf33730a70e8,67f49290be80a3f03d071875
68182ff8b6e1cf33730a70e9,67efbe3cf0dffa4dde026dca
68182ff8b6e1cf33730a70ea,67f4919afb8c25cbf5058146
68182ff8b6e1cf33730a70eb,67ee612c1cd5595b4f0f2e8c
68182ff8b6e1cf33730a70ec,67f4910c7e7d0d4fe604a2ae
68182ff8b6e1cf33730a70ed,67ee59ebe0d5203dc40b33d6
68182ff8b6e1cf33730a70ee,67f4904813787e133e0e0f90
68182ff8b6e1cf33730a70f1,6784c8346216c6d8d1079e85
68182ff8b6e1cf33730a70f2,6784bfaad467e96b750c91f3
68182ff8b6e1cf33730a70f3,6784be820d5ff44e7d0bd07b
68182ff8b6e1cf33730a70f4,67ac0215658fec9fb901134d
68182ff8b6e1cf33730a70f5,6784c06d924989539b073ba1
68182ff8b6e1cf33730a70f6,67ac0070e6a7edf978074d5a
68182ff8b6e1cf33730a70f7,67ac0007658fec9fb90112f8
68182ff8b6e1cf33730a70f8,6784bd92cf6122d3600f9a90
68182ff8b6e1cf33730a70f9,67abffad5ed990a67906262a
68182ff8b6e1cf33730a70fa,67abfeace4eec1f8980fa923
68182ff8b6e1cf33730a70fb,6784bc9e6d89944e6d0656e8
68182ff8b6e1cf33730a70fc,67abfe3749cdb4ec350893ce
68182ff8b6e1cf33730a70fe,67a5db4962ed03c33d0c2f5b
68182ff8b6e1cf33730a70ff,67a5db006e8af5b0a40779c3
68182ff9b6e1cf33730a7100,67a5d7a6f8e2e046220422dc
68182ff9b6e1cf33730a7101,67a5d6e1652d3a16930bb28c
68182ff9b6e1cf33730a7102,67a5d68d2cd5ae81740f8f98
68182ff9b6e1cf33730a7103,67a5da582f8256a1c9097857
68182ff9b6e1cf33730a7104,67a5d64a448a3760670a3bc5
68182ff9b6e1cf33730a7105,67a5d96c6f9162e284041792
68182ff9b6e1cf33730a7106,67a5d4bcb9703f1ee9055919
68182ff9b6e1cf33730a7107,67a5d83f471f84942001144d
68182ff9b6e1cf33730a7108,67a5d48cb9703f1ee9055911
68182ff9b6e1cf33730a7109,67a5d4243c6ce24cc40a8a56
68182ff9b6e1cf33730a710b,67d2a8cf4b87260c790b3183
68182ff9b6e1cf33730a710c,67d2a6fe49d915855f001902
68182ff9b6e1cf33730a710d,67d39118deb9e2a1350e97c3
68182ff9b6e1cf33730a710e,67d390b4557d151dcd0b949a
68182ff9b6e1cf33730a710f,67d3904820c4e1e466004387
68182ff9b6e1cf33730a7110,67d2a60f8ef000dd9d03e433
68182ff9b6e1cf33730a7111,67d38fd8cd231f703805c5fe
68182ff9b6e1cf33730a7112,67d2a4fab1c7f00ade0f51bd
68182ff9b6e1cf33730a7113,67d38d6c619b621d010ef687
68182ff9b6e1cf33730a7114,67d2a3f8545f9e34c609e34b
68182ff9b6e1cf33730a7115,67d38cf6bebd44a32c02542e
68182ff9b6e1cf33730a7116,67d38c66c524e6a3170fc9fb
68182ff9b6e1cf33730a7119,677f45507435b37b8b04d833
68182ff9b6e1cf33730a711a,677f42312cc31273a206fced
68182ff9b6e1cf33730a711b,67b545d9fc7ce6747f012aa3
68182ff9b6e1cf33730a711c,67b544e8fc7ce6747f012a86
68182ff9b6e1cf33730a711d,67a5d04cf0b25888180028bd
68182ff9b6e1cf33730a711e,677f4096a23820708c0ef779
68182ff9b6e1cf33730a711f,67a5cbf5394c1b0e3102f301
68182ff9b6e1cf33730a7120,677f3e60b99539b6f3028694
68182ff9b6e1cf33730a7121,67a5cb7aea19b1c18a0dbbf5
68182ff9b6e1cf33730a7122,677f3b6780922268fc07c4b7
68182ff9b6e1cf33730a7123,67a5cae3e87509838d0796b9
68182ffab6e1cf33730a7124,67b53fd9c5404677270b9bda
68182ffab6e1cf33730a7125,67b53ee6fc7ce6747f012a0c
68182ffab6e1cf33730a7126,67b53e702f2a4a16b40d1bb6
68182ffab6e1cf33730a7127,677e42176d52d1647c056c20
68182ffab6e1cf33730a7129,67d1083628f31d022106bbc5
68182ffab6e1cf33730a712a,67d10795d12cc53f220143a9
68182ffab6e1cf33730a712b,67d106a328f31d022106bba4
68182ffab6e1cf33730a712c,67d1061cf9df23be940dd5ae
68182ffab6e1cf33730a712d,67d105a4cb43ffebb1023998
68182ffab6e1cf33730a712e,67d104e0f9df23be940dce98
68182ffab6e1cf33730a712f,67d10418e1916ff33e0248e5
68182ffab6e1cf33730a7130,67d103395492b4a9700c73f7
68182ffab6e1cf33730a7131,67d1029ab675a58b7406997b
68182ffab6e1cf33730a7132,67d1014a9221c131e100f6d5
68182ffab6e1cf33730a7133,67d100b3335c9a31580036a8
68182ffab6e1cf33730a7134,67d0fff9521acb725f019120
68182ffab6e1cf33730a7137,67ff1e9fa267618a0e02d5f5
68182ffab6e1cf33730a7138,67ff22e2915761b3550f6ef0
68182ffab6e1cf33730a7139,67ff1f3a22fea16d2f0ac2d4
68182ffab6e1cf33730a713a,67ff2586605b672b760fc2ab
68182ffab6e1cf33730a713b,67ff24bb0000879d5f0838a6
68182ffab6e1cf33730a713c,67ff241154417f7f31070174
68182ffab6e1cf33730a713d,67ff25f964c799dc8d09f702
68182ffab6e1cf33730a713e,67ff236f269eadaea2084c23
68182ffab6e1cf33730a713f,67ff20a837d67431ee0df54b
68182ffab6e1cf33730a7140,67ff1db19b5e5de1820f4cd7
68182ffab6e1cf33730a7141,67ff1cb32f966ad0bd0398b3
68182ffab6e1cf33730a7142,67ff1bd0b9e7e6595b049f99
68182ffab6e1cf33730a7143,67ff1abf165080c33a00c9a6
68182ffab6e1cf33730a7144,67ff1a10e177ba5bbe0ef47f
68182ffab6e1cf33730a7145,67ff18af17ae78dcca0952c1
68182ffab6e1cf33730a7146,67ff1760e6165f970c041db2
68182ffab6e1cf33730a7147,67ff1695bb2945b4450aa986
68182ffab6e1cf33730a7148,67ff15e6ae762e57790f3d16
68182ffbb6e1cf33730a7149,67ff12aad0a5437b07035884
68182ffbb6e1cf33730a714a,67ff119e6f54b00bbd05a9c3
68182ffbb6e1cf33730a714b,67ff0b4767afc2b6ea08dda6
68182ffbb6e1cf33730a714c,67ff0e935242d38dab014d89
67f5d22c02d7a39cd5026aab,
67f4f85d169849a37d09e461,
67f4db29e366bb8d710b9f76,
67f5dd86919710493a084591,
67f5d78347f6a738e7022687,
67f5ea2bc4d5cb7c90033d5d,
67f5e43f5625bedc7d02c89c,
67f4fa96fa4251a23607a2d2,
67f5d5ac0d1ed076e00bce7c,
67f618042885ef05ec09f6ef,
67f61cf9a63254418307c1b0,
67f61f5c12b76bbe3a07f186,
67f61fb788cbfa1432066c77,
67f4f90b0d7ae0b5010bf7ac,
67f61736bf81c2d90000627d,
67f4f7f9ab96cf88110a7ddc,
67f5f00760d98643ef04ecff,
67f4d3e932c55bfa5c0b93a9,
67f4d1d17b431bbc03029eb7,
67f4cecfe13b9e1e8b02cfe7,
67f4e8aad59a57956209b8b5,
67f4e2a0848eecaa9804964c,
67f4e3492be8fa729d08f674,
67f4defb4a0056473d0c7a87,
67f4da834bb0df879f0d7a96,
67f4dc7d706d184815063590,
67f4c9e1171f051253093e77,
67f4dad8e366bb8d710b9f67,
67f4d80591b4a6300f05c746,
67f49ef1e6e577725b031fb6,
67f4a090ef68aabbcf0f8909,
67f4de0aac67b87b690cb4e4,
67f4de0aac67b87b690cb4e5,
67f4de0aac67b87b690cb4e7,
67f5cdcd26f1f79f14040d05,
67f4f67352a81ea260076ae0,
67f4f59bdd521060e70f50ba,
67f4f3badbe9051a760a49d1,
67f4f262c1b2bffbb4031a31,
67f5d09daccb8064f005b7e7,
67f4f85d169849a37d09e461,
67f5d1b25b0eaac08e06ecd4,
67f5d22c02d7a39cd5026aab,
67f4ec1054d3ee4d04060ce5,
678f73fabb51a735dc07762c,
679064b3cd53efab3308ab92,
67ab0d875f49b44b63074ac5,
67a33a2925030fce3b0721fa,
6790681d8b1626dda40b5507,
67ab0d0bb272ccffd10a3a12,
67a339bc99229e4a2200962a,
6790636e07247648d8017d79,
67ab0ec5db2d8012bd0f9683,
678f7172fe2f2c2a10011e4a,
6790624307247648d8017d59,
67ab057d98bf3e1b8c0bd599,
67ab0d62a4a8497c4b0233fa,
67906078702f932839009cab,
67aaf74446eecfce370fc334,
67b2edfdd5774c717c09024b,
67b2ee7c4f2693490f0de8b1,
67b2eed74f2693490f0de8b7,
67b6d13c74e17e04e40decae,
67b2f0afecb6f296b2079dd5,
67b2f16a11ba3cc0f8092911,
67b6d5cef3bc9beac100e817,
67b2f2668f3c5c8b7c0e4aaa,
67b2f3b48f3c5c8b7c0e4aae,
67b2f45f79bd661e0604d8a8,
67b2f50379bd661e0604d8a9,
67b2f58779bd661e0604d8ae,
67c7f85800dc4d41ee011446,
67c7f783e6f9a9748302d37f,
67c7f71dcf22913b740ab82c,
67ba9e1d9cc98020360e3862,
67ba9d696377264082098cc2,
67ca61ba660ee86a760ade11,
67ca6080130bb758a10eb456,
67ca5fa93c1afa87b10b6042,
67ba9a31eef8b156e100c742,
67c7f59bbcf294ad8d0a5dc6,
67ca55e7dafa48d79605bdf5,
67ba974febe0ac7dea0a5d84,
67c7f44e4c83b55b71070e2c,
67c7f17cdf75c925cc04d59e,
67ba94e3430b5e95d8038103,
67cfb43b5c58222c81049692,
67cfb1a11ce60af9640d557e,
67cfae751ce60af9640d5547,
67cfadfea6fef3868108d4f9,
67cfad7fa6fef3868108d4f1,
67cfaca9bb271b196d0ab735,
67cfac20bb271b196d0ab724,
67cfab1b66abb4171200581a,
67cfaa21a6fef3868108d4ae,
67cfa9a4abc90d40a9026873,
67cfa921f17dfde6b30fa15d,
67cfa659b1a9a013b200c9fb,
67efb5a916cbbafc4b0daa87,
67efb4662cfc085f580f32f4,
67f48b3bdc2e027f71033007,
67f48841ec2a684d5304fee2,
67f47eddde9585308109fa42,
67f47e471f79806de9026946,
67efb0de8256525d3a017eb4,
67f47628902d6c8af00b03b2,
67f486df5634956dc90957c4,
67efaec6922c938dbf0f1792,
67efad105dec5f8f160c9217,
67f3d80504ea81b7930edac3,
67efddd92cd523b3c20abe39,
67efdb70fc62a5897e0297ab,
67efc5d660c2ab20400bc755,
67f4a5ebcedb4609ef055157,
67f4a556535e778c5a0a2ee2,
67f49290be80a3f03d071875,
67efbe3cf0dffa4dde026dca,
67f4919afb8c25cbf5058146,
67ee612c1cd5595b4f0f2e8c,
67f4910c7e7d0d4fe604a2ae,
67ee59ebe0d5203dc40b33d6,
67f4904813787e133e0e0f90,
6784c8346216c6d8d1079e85,
6784bfaad467e96b750c91f3,
6784be820d5ff44e7d0bd07b,
67ac0215658fec9fb901134d,
6784c06d924989539b073ba1,
67ac0070e6a7edf978074d5a,
67ac0007658fec9fb90112f8,
6784bd92cf6122d3600f9a90,
67abffad5ed990a67906262a,
67abfeace4eec1f8980fa923,
6784bc9e6d89944e6d0656e8,
67abfe3749cdb4ec350893ce,
67a5db4962ed03c33d0c2f5b,
67a5db006e8af5b0a40779c3,
67a5d7a6f8e2e046220422dc,
67a5d6e1652d3a16930bb28c,
67a5d68d2cd5ae81740f8f98,
67a5da582f8256a1c9097857,
67a5d64a448a3760670a3bc5,
67a5d96c6f9162e284041792,
67a5d4bcb9703f1ee9055919,
67a5d83f471f84942001144d,
67a5d48cb9703f1ee9055911,
67a5d4243c6ce24cc40a8a56,
67d2a8cf4b87260c790b3183,
67d2a6fe49d915855f001902,
67d39118deb9e2a1350e97c3,
67d390b4557d151dcd0b949a,
67d3904820c4e1e466004387,
67d2a60f8ef000dd9d03e433,
67d38fd8cd231f703805c5fe,
67d2a4fab1c7f00ade0f51bd,
67d38d6c619b621d010ef687,
67d2a3f8545f9e34c609e34b,
67d38cf6bebd44a32c02542e,
67d38c66c524e6a3170fc9fb,
677f45507435b37b8b04d833,
677f42312cc31273a206fced,
67b545d9fc7ce6747f012aa3,
67b544e8fc7ce6747f012a86,
67a5d04cf0b25888180028bd,
677f4096a23820708c0ef779,
67a5cbf5394c1b0e3102f301,
677f3e60b99539b6f3028694,
67a5cb7aea19b1c18a0dbbf5,
677f3b6780922268fc07c4b7,
67a5cae3e87509838d0796b9,
67b53fd9c5404677270b9bda,
67b53ee6fc7ce6747f012a0c,
67b53e702f2a4a16b40d1bb6,
677e42176d52d1647c056c20,
67d1083628f31d022106bbc5,
67d10795d12cc53f220143a9,
67d106a328f31d022106bba4,
67d1061cf9df23be940dd5ae,
67d105a4cb43ffebb1023998,
67d104e0f9df23be940dce98,
67d10418e1916ff33e0248e5,
67d103395492b4a9700c73f7,
67d1029ab675a58b7406997b,
67d1014a9221c131e100f6d5,
67d100b3335c9a31580036a8,
67d0fff9521acb725f019120,
67ff1e9fa267618a0e02d5f5,
67ff22e2915761b3550f6ef0,
67ff1f3a22fea16d2f0ac2d4,
67ff2586605b672b760fc2ab,
67ff24bb0000879d5f0838a6,
67ff241154417f7f31070174,
67ff25f964c799dc8d09f702,
67ff236f269eadaea2084c23,
67ff20a837d67431ee0df54b,
67ff1db19b5e5de1820f4cd7,
67ff1cb32f966ad0bd0398b3,
67ff1bd0b9e7e6595b049f99,
67ff1abf165080c33a00c9a6,
67ff1a10e177ba5bbe0ef47f,
67ff18af17ae78dcca0952c1,
67ff1760e6165f970c041db2,
67ff1695bb2945b4450aa986,
67ff15e6ae762e57790f3d16,
67ff12aad0a5437b07035884,
67ff119e6f54b00bbd05a9c3,
67ff0b4767afc2b6ea08dda6,
67ff0e935242d38dab014d89,